{"accuracy": [0.3115501403808594, 0.445288747549057, 0.6261398196220398, 0.6717325448989868, 0.7674772143363953, 0.8009118437767029, 0.8617021441459656, 0.8981763124465942, 0.8890577554702759, 0.9224923849105835], "loss": [1.5871906280517578, 1.229986548423767, 0.8843397498130798, 0.736200749874115, 0.6095697283744812, 0.4570489227771759, 0.35650286078453064, 0.2832046151161194, 0.3152112066745758, 0.23061519861221313], "val_accuracy": [0.47422680258750916, 0.5979381203651428, 0.7353951930999756, 0.838487982749939, 0.8831614851951599, 0.8831614851951599, 0.9140893220901489, 0.9347078800201416, 0.876288652420044, 0.9243986010551453], "val_loss": [1.1990846395492554, 0.9860697984695435, 0.6034526228904724, 0.5048057436943054, 0.35865673422813416, 0.3317766487598419, 0.2511778771877289, 0.16254295408725739, 0.33653944730758667, 0.1660763919353485]}